0.0,0.0,0.0,0.0,0.0,0.0
-0.00016457599999999883,-7.459199999999948e-05,-0.0006452799999999954,-0.00016457599999999883,-0.0013130559999999906,0.0004096639999999971
-0.0006494079999999978,-0.000294335999999999,-0.0025462399999999917,-0.0006494079999999978,-0.005181247999999982,0.0016165119999999946
-0.001441151999999997,-0.0006531839999999987,-0.0056505599999999885,-0.001441151999999997,-0.011498111999999975,0.003587327999999993
-0.0025264639999999965,-0.0011450879999999983,-0.009905919999999985,-0.0025264639999999965,-0.02015718399999997,0.006288895999999991
-0.003891999999999995,-0.0017639999999999976,-0.015259999999999978,-0.003891999999999995,-0.031051999999999958,0.009687999999999987
-0.005524415999999995,-0.002503871999999998,-0.021660479999999985,-0.005524415999999995,-0.04407609599999996,0.013751423999999988
-0.0074103679999999944,-0.003358655999999997,-0.029055039999999976,-0.0074103679999999944,-0.05912300799999995,0.018445951999999984
-0.009536511999999994,-0.004322303999999998,-0.03739135999999998,-0.009536511999999994,-0.07608627199999994,0.023738367999999985
-0.011889503999999992,-0.005388767999999996,-0.04661711999999997,-0.011889503999999992,-0.09485942399999996,0.02959545599999998
-0.01445599999999999,-0.006551999999999996,-0.05667999999999997,-0.01445599999999999,-0.11533599999999992,0.03598399999999998
-0.017222655999999992,-0.007805951999999996,-0.06752767999999996,-0.017222655999999992,-0.13740953599999994,0.04287078399999998
-0.020176127999999995,-0.009144575999999998,-0.07910783999999998,-0.020176127999999995,-0.16097356799999996,0.05022259199999999
-0.02330307199999999,-0.010561823999999997,-0.09136815999999998,-0.02330307199999999,-0.18592163199999995,0.058006207999999976
-0.026590144,-0.012051647999999996,-0.10425631999999999,-0.026590144,-0.21214726399999997,0.06618841599999999
-0.030023999999999988,-0.013607999999999997,-0.11771999999999995,-0.030023999999999988,-0.23954399999999992,0.07473599999999997
-0.03359129599999999,-0.015224831999999997,-0.13170687999999997,-0.03359129599999999,-0.26800537599999996,0.08361574399999998
-0.03727868799999999,-0.016896095999999996,-0.14616463999999996,-0.03727868799999999,-0.297424928,0.09279443199999998
-0.04107283199999999,-0.018615743999999997,-0.16104095999999996,-0.04107283199999999,-0.327696192,0.10223884799999997
-0.04496038399999999,-0.020377727999999998,-0.17628351999999997,-0.04496038399999999,-0.35871270399999994,0.111915776
-0.048927999999999985,-0.022175999999999994,-0.19183999999999996,-0.048927999999999985,-0.39036799999999994,0.12179199999999998
-0.052962335999999985,-0.024004511999999995,-0.20765807999999994,-0.052962335999999985,-0.4225556159999999,0.13183430399999999
-0.05705004799999999,-0.025857216,-0.22368543999999996,-0.05705004799999999,-0.45516908799999994,0.142009472
-0.061177791999999995,-0.027728064,-0.23986975999999996,-0.061177791999999995,-0.48810195200000006,0.152284288
-0.065332224,-0.029611008,-0.25615872000000006,-0.065332224,-0.5212477440000001,0.16262553600000001
-0.06949999999999999,-0.03149999999999999,-0.27249999999999996,-0.06949999999999999,-0.5545,0.173
-0.07366777599999999,-0.033388992,-0.28884128000000003,-0.07366777599999999,-0.5877522560000001,0.18337446400000001
-0.077822208,-0.035271936000000004,-0.30513024,-0.077822208,-0.6208980480000001,0.193715712
-0.08194995200000002,-0.037142784,-0.32131456,-0.08194995200000002,-0.6538309120000001,0.20399052799999995
-0.08603766400000001,-0.03899548800000001,-0.33734192,-0.08603766400000001,-0.6864443840000001,0.21416569599999996
-0.090072,-0.040824,-0.35316000000000003,-0.090072,-0.7186320000000002,0.22420799999999996
-0.09403961600000002,-0.042622272,-0.36871648000000007,-0.09403961600000002,-0.7502872960000003,0.23408422399999998
-0.09792716800000002,-0.04438425600000002,-0.3839590400000001,-0.09792716800000002,-0.7813038080000001,0.243761152
-0.10172131200000002,-0.046103904000000015,-0.39883536000000014,-0.10172131200000002,-0.8115750720000001,0.25320556800000005
-0.10540870399999998,-0.04777516800000001,-0.41329312000000007,-0.10540870399999998,-0.840994624,0.26238425600000004
-0.10897599999999998,-0.04939200000000001,-0.4272799999999999,-0.10897599999999998,-0.8694559999999999,0.27126399999999995
-0.11240985599999997,-0.05094835200000001,-0.4407436799999999,-0.11240985599999997,-0.896852736,0.27981158399999995
-0.115696928,-0.05243817600000001,-0.45363184,-0.115696928,-0.9230783680000001,0.287993792
-0.11882387199999998,-0.053855424,-0.46589215999999994,-0.11882387199999998,-0.9480264319999999,0.295777408
-0.12177734400000001,-0.05519404800000001,-0.47747231999999995,-0.12177734400000001,-0.9715904640000002,0.3031292160000001
-0.12454399999999999,-0.056448,-0.48832,-0.12454399999999999,-0.9936640000000001,0.310016
-0.12711049600000005,-0.057611232000000026,-0.4983828800000001,-0.12711049600000005,-1.0141405760000004,0.31640454400000007
-0.129463488,-0.058677696,-0.5076086399999999,-0.129463488,-1.032913728,0.322261632
-0.13158963199999998,-0.05964134400000001,-0.5159449599999999,-0.13158963199999998,-1.049876992,0.327554048
-0.13347558399999998,-0.06049612800000001,-0.52333952,-0.13347558399999998,-1.064923904,0.332248576
-0.13510799999999998,-0.061236,-0.5297400000000001,-0.13510799999999998,-1.0779480000000004,0.33631200000000006
-0.13647353599999998,-0.06185491200000001,-0.5350940799999999,-0.13647353599999998,-1.0888428160000003,0.33971110400000004
-0.13755884800000007,-0.06234681600000001,-0.5393494400000003,-0.13755884800000007,-1.0975018880000005,0.34241267200000014
-0.13835059199999997,-0.06270566400000001,-0.5424537600000001,-0.13835059199999997,-1.103818752,0.34438348800000007
-0.13883542400000004,-0.06292540800000003,-0.5443547200000003,-0.13883542400000004,-1.1076869440000006,0.3455903360000001
